{"ProjectBreakpoints":"{\"Value\":{\"System1/System1_Open.xaml\":[{\"ConditionalExpression\":null,\"ActionExpression\":null,\"IsEnabled\":false,\"ActivityId\":\"1.1\",\"ActivityName\":\"System1_Open\"}],\"Process.xaml\":[{\"ConditionalExpression\":null,\"ActionExpression\":null,\"IsEnabled\":true,\"ActivityId\":\"1.1\",\"ActivityName\":\"ProcessTransaction\"}],\"Main.xaml\":[{\"ConditionalExpression\":null,\"ActionExpression\":null,\"IsEnabled\":true,\"ActivityId\":\"1.116\",\"ActivityName\":\"Process Transaction\"}]}}"}